-- phpMyAdmin SQL Dump
-- version 4.8.5
-- https://www.phpmyadmin.net/
--
-- Host: localhost
-- Generation Time: Mar 26, 2019 at 03:29 AM
-- Server version: 10.1.38-MariaDB
-- PHP Version: 7.1.27

SET SQL_MODE = "NO_AUTO_VALUE_ON_ZERO";
SET AUTOCOMMIT = 0;
START TRANSACTION;
SET time_zone = "+00:00";


/*!40101 SET @OLD_CHARACTER_SET_CLIENT=@@CHARACTER_SET_CLIENT */;
/*!40101 SET @OLD_CHARACTER_SET_RESULTS=@@CHARACTER_SET_RESULTS */;
/*!40101 SET @OLD_COLLATION_CONNECTION=@@COLLATION_CONNECTION */;
/*!40101 SET NAMES utf8mb4 */;

--
-- Database: `helpdesk`
--

-- --------------------------------------------------------

--
-- Table structure for table `bagian_departemen`
--

CREATE TABLE `bagian_departemen` (
  `id_bagian_dept` int(11) NOT NULL,
  `nama_bagian_dept` varchar(30) NOT NULL,
  `id_dept` int(11) NOT NULL
) ENGINE=InnoDB DEFAULT CHARSET=latin1;

--
-- Dumping data for table `bagian_departemen`
--

INSERT INTO `bagian_departemen` (`id_bagian_dept`, `nama_bagian_dept`, `id_dept`) VALUES
(7, 'TAC', 5),
(8, 'NDO', 6),
(9, 'RSC', 7);

-- --------------------------------------------------------

--
-- Table structure for table `departemen`
--

CREATE TABLE `departemen` (
  `id_dept` int(11) NOT NULL,
  `nama_dept` varchar(30) NOT NULL
) ENGINE=InnoDB DEFAULT CHARSET=latin1;

--
-- Dumping data for table `departemen`
--

INSERT INTO `departemen` (`id_dept`, `nama_dept`) VALUES
(5, 'NETWORK INTEGRATION'),
(6, 'NETWORK DESIGN'),
(7, 'NETWORK CONFIGURATION FILE');

-- --------------------------------------------------------

--
-- Table structure for table `history_feedback`
--

CREATE TABLE `history_feedback` (
  `id_feedback` int(11) NOT NULL,
  `id_ticket` varchar(13) NOT NULL,
  `feedback` int(11) NOT NULL,
  `reported` varchar(5) NOT NULL
) ENGINE=InnoDB DEFAULT CHARSET=latin1;

--
-- Dumping data for table `history_feedback`
--

INSERT INTO `history_feedback` (`id_feedback`, `id_ticket`, `feedback`, `reported`) VALUES
(13, 'T201903230001', 1, 'K0002'),
(14, 'T201903230003', 1, 'K0002');

-- --------------------------------------------------------

--
-- Table structure for table `informasi`
--

CREATE TABLE `informasi` (
  `id_informasi` int(11) NOT NULL,
  `tanggal` datetime NOT NULL,
  `subject` varchar(35) NOT NULL,
  `pesan` text NOT NULL,
  `status` decimal(2,0) NOT NULL,
  `id_user` varchar(5) NOT NULL
) ENGINE=InnoDB DEFAULT CHARSET=latin1;

-- --------------------------------------------------------

--
-- Table structure for table `jabatan`
--

CREATE TABLE `jabatan` (
  `id_jabatan` int(11) NOT NULL,
  `nama_jabatan` varchar(30) NOT NULL
) ENGINE=InnoDB DEFAULT CHARSET=latin1;

--
-- Dumping data for table `jabatan`
--

INSERT INTO `jabatan` (`id_jabatan`, `nama_jabatan`) VALUES
(5, 'IMPLEMENTATION MANAGER'),
(6, 'IMPLEMENTATION COORDINATOR'),
(7, 'LINE MANAGER'),
(8, 'ACCOUNT LEAD'),
(9, 'NETWORK INTEGRATION ENGINEER'),
(10, 'NETWORK DESIGN ENGINEER'),
(11, 'NETWORK CONFIG FILE ENGINEER');

-- --------------------------------------------------------

--
-- Table structure for table `karyawan`
--

CREATE TABLE `karyawan` (
  `nik` varchar(5) NOT NULL,
  `nama` varchar(35) NOT NULL,
  `alamat` text NOT NULL,
  `jk` varchar(10) NOT NULL,
  `id_bagian_dept` int(11) NOT NULL,
  `id_jabatan` int(11) NOT NULL
) ENGINE=InnoDB DEFAULT CHARSET=latin1;

--
-- Dumping data for table `karyawan`
--

INSERT INTO `karyawan` (`nik`, `nama`, `alamat`, `jk`, `id_bagian_dept`, `id_jabatan`) VALUES
('K0002', 'LUTFI ALDI NUGROHO', 'PERUM PGRI KLIPANG BLOK L 92', 'LAKI-LAKI', 7, 5),
('K0003', 'IBRAHIM', 'PERUM PGRI KLIPANG BLOK L 92', 'LAKI-LAKI', 9, 11),
('K0004', 'FACHRUL ROZI', 'JL. HAJI NAJIHUN NO. 1A JAKARTA SELATAN', 'LAKI-LAKI', 8, 6),
('K0005', 'EDISON SRI BINTANG', 'JL. HAJI NAWI UTARA NO: 98', 'LAKI-LAKI', 8, 10),
('K0006', 'NICHOLAS ERIC PERMANA', 'JL. GG PAK UWENG NO 5', 'LAKI-LAKI', 7, 9);

-- --------------------------------------------------------

--
-- Table structure for table `kategori`
--

CREATE TABLE `kategori` (
  `id_kategori` int(11) NOT NULL,
  `nama_kategori` varchar(35) NOT NULL
) ENGINE=InnoDB DEFAULT CHARSET=latin1;

--
-- Dumping data for table `kategori`
--

INSERT INTO `kategori` (`id_kategori`, `nama_kategori`) VALUES
(6, 'COMMISIONING'),
(7, 'INSTALLATION'),
(8, 'SW UPGRADE'),
(9, 'SWAP'),
(10, 'OPTIMIZATION'),
(11, 'LICENSE');

-- --------------------------------------------------------

--
-- Table structure for table `kondisi`
--

CREATE TABLE `kondisi` (
  `id_kondisi` int(11) NOT NULL,
  `nama_kondisi` varchar(30) NOT NULL,
  `waktu_respon` decimal(10,0) NOT NULL
) ENGINE=InnoDB DEFAULT CHARSET=latin1;

--
-- Dumping data for table `kondisi`
--

INSERT INTO `kondisi` (`id_kondisi`, `nama_kondisi`, `waktu_respon`) VALUES
(2, 'VVIP SITE', '1'),
(3, 'ROLL OUT', '2');

-- --------------------------------------------------------

--
-- Table structure for table `sub_kategori`
--

CREATE TABLE `sub_kategori` (
  `id_sub_kategori` int(11) NOT NULL,
  `nama_sub_kategori` varchar(35) NOT NULL,
  `id_kategori` int(11) NOT NULL
) ENGINE=InnoDB DEFAULT CHARSET=latin1;

--
-- Dumping data for table `sub_kategori`
--

INSERT INTO `sub_kategori` (`id_sub_kategori`, `nama_sub_kategori`, `id_kategori`) VALUES
(5, 'COMMISIONING RBS 6630', 6),
(6, 'INSTALLATION SCRIPT', 7),
(7, 'INJECT LICENSE', 11),
(8, 'SWAP RRU', 9),
(9, 'OPTIMIZATION POWER AND COVERAGE REL', 10),
(10, 'SW UPGRADE 18.Q4', 8);

-- --------------------------------------------------------

--
-- Table structure for table `teknisi`
--

CREATE TABLE `teknisi` (
  `id_teknisi` varchar(5) NOT NULL,
  `nik` varchar(5) NOT NULL,
  `id_kategori` int(11) NOT NULL,
  `status` varchar(20) NOT NULL,
  `point` decimal(2,0) NOT NULL
) ENGINE=InnoDB DEFAULT CHARSET=latin1;

--
-- Dumping data for table `teknisi`
--

INSERT INTO `teknisi` (`id_teknisi`, `nik`, `id_kategori`, `status`, `point`) VALUES
('T0001', 'K0003', 6, '', '1'),
('T0002', 'K0005', 7, '', '1'),
('T0003', 'K0006', 11, '', '0');

-- --------------------------------------------------------

--
-- Table structure for table `ticket`
--

CREATE TABLE `ticket` (
  `id_ticket` varchar(13) NOT NULL,
  `tanggal` datetime NOT NULL,
  `tanggal_proses` datetime NOT NULL,
  `tanggal_solved` datetime NOT NULL,
  `reported` varchar(5) NOT NULL,
  `id_sub_kategori` int(11) NOT NULL,
  `problem_summary` varchar(50) NOT NULL,
  `problem_detail` text NOT NULL,
  `id_teknisi` varchar(5) NOT NULL,
  `status` int(11) NOT NULL,
  `progress` decimal(10,0) NOT NULL
) ENGINE=InnoDB DEFAULT CHARSET=latin1;

--
-- Dumping data for table `ticket`
--

INSERT INTO `ticket` (`id_ticket`, `tanggal`, `tanggal_proses`, `tanggal_solved`, `reported`, `id_sub_kategori`, `problem_summary`, `problem_detail`, `id_teknisi`, `status`, `progress`) VALUES
('T201903230001', '2019-03-23 07:21:14', '2019-03-23 07:28:21', '2019-03-23 07:32:01', 'K0002', 5, 'COMMISIONING ON SITE', 'PLEASE ASSIGN THE TICKET, NEED TO COMMISIONING ON SITE. DONT FORGET TO ATTACH THE LOG INFORMATION AS A NEEDED. THANKS', 'T0001', 6, '100'),
('T201903230002', '2019-03-23 07:23:06', '0000-00-00 00:00:00', '0000-00-00 00:00:00', 'K0002', 7, 'INJECT LKF', 'PLEASE INJECT LKF FOR THIS SITE : LTE RADIO DALAM. ATTACH THE REQUIRE LOG AFTER DONE INJECT LKF FILE. THANKS', '', 3, '0'),
('T201903230003', '2019-03-23 07:24:14', '2019-03-23 07:33:15', '2019-03-23 13:35:04', 'K0002', 6, 'SCRIPT INSTALLATION', 'PLEASE INSTALL THE REQUIRE SCRIPT INTO THIS SITE : LTE RADIO DALAM. THANKS', 'T0002', 6, '100'),
('T201903230004', '2019-03-23 13:38:35', '2019-03-23 13:39:16', '0000-00-00 00:00:00', 'K0004', 7, 'INJECT LKF', 'PLEASE INJECT LICENSE KEY FOR SITE INFORMATION BELOW :\n- LTE GENUK INDAH\n\nLOG AFTER INCLUDED AFTER INSTALLATION.', 'T0003', 4, '30');

-- --------------------------------------------------------

--
-- Table structure for table `tracking`
--

CREATE TABLE `tracking` (
  `id_tracking` int(11) NOT NULL,
  `id_ticket` varchar(13) NOT NULL,
  `tanggal` datetime NOT NULL,
  `status` varchar(50) NOT NULL,
  `deskripsi` text NOT NULL,
  `id_user` varchar(5) NOT NULL
) ENGINE=InnoDB DEFAULT CHARSET=latin1;

--
-- Dumping data for table `tracking`
--

INSERT INTO `tracking` (`id_tracking`, `id_ticket`, `tanggal`, `status`, `deskripsi`, `id_user`) VALUES
(64, 'T201903230001', '2019-03-23 07:21:14', 'Created Ticket', '', 'K0002'),
(65, 'T201903230002', '2019-03-23 07:23:06', 'Created Ticket', '', 'K0002'),
(66, 'T201903230003', '2019-03-23 07:24:14', 'Created Ticket', '', 'K0002'),
(67, 'T201903230001', '2019-03-23 07:25:12', 'Ticket disetujui', '', 'K0002'),
(68, 'T201903230002', '2019-03-23 07:25:13', 'Ticket disetujui', '', 'K0002'),
(69, 'T201903230003', '2019-03-23 07:25:13', 'Ticket disetujui', '', 'K0002'),
(70, 'T201903230001', '2019-03-23 07:27:05', 'Pemilihan Teknisi', 'TICKET DIBERIKAN KEPADA TEKNISI', 'K0002'),
(71, 'T201903230002', '2019-03-23 07:27:15', 'Pemilihan Teknisi', 'TICKET DIBERIKAN KEPADA TEKNISI', 'K0002'),
(72, 'T201903230003', '2019-03-23 07:27:25', 'Pemilihan Teknisi', 'TICKET DIBERIKAN KEPADA TEKNISI', 'K0002'),
(73, 'T201903230001', '2019-03-23 07:28:21', 'Diproses oleh teknisi', '', 'K0003'),
(74, 'T201903230001', '2019-03-23 07:32:01', 'Up Progress To 100 %', 'LOG AFTER : \nX3473045G_CO> AL\n\n180605-22:05:37 10.207.230.89 18.0A MSRBS_NODE_MODEL_17.Q4_346.27777.46_E0E8 STOPFILE=/TMP/13726\n\nCOLLECTING ALARMS...\n\n====================================================================================================================\nSEVER SPECIFIC PROBLEM                    MO (CAUSE/ADDITIONALINFO)\n====================================================================================================================\nMAJ   NUMBER OF HW ENTITIES MISMATCH      CABINET=1 (CONFIGURATIONORCUSTOMIZATIONERROR AI: ,EVENTID:123,CORRELATEDEVENTS[0]:0)\nMIN   EXTERNAL ALARM                      FIELDREPLACEABLEUNIT=SUP-1,ALARMPORT=1 (DO2-DOOR_ALARM_6150 AI: ,EVENTID:123,CORRELATEDEVENTS[0]:0)\nMIN   INCONSISTENT CONFIGURATION          ANTENNAUNITGROUP=1,ANTENNANEARUNIT=RET-1,RETSUBUNIT=1 (TILT VALUE OUT OF RANGE AI: EVENTID:216)\nWARN  EMERGENCY UNLOCK RESET KEY REQUIRED LM=1,EMERGENCYUNLOCK=1 (EMERGENCY UNLOCK RESET KEY REQUIRED)\n>>> TOTAL: 4 ALARMS (0 CRITICAL, 1 MAJOR)', 'K0003'),
(75, 'T201903230003', '2019-03-23 07:33:15', 'Diproses oleh teknisi', '', 'K0005'),
(76, 'T201903230003', '2019-03-23 07:33:39', 'Up Progress To 80 %', 'X3473045G_CO> HGET ADDRESSIPV4=1 ADDRESS\n\n180605-22:05:38 10.207.230.89 18.0A MSRBS_NODE_MODEL_17.Q4_346.27777.46_E0E8 STOPFILE=/TMP/13726\n\n=================================================================================================================\nMO                                                      ADDRESS           ADDRESSIPV4ID USEDADDRESS      \n=================================================================================================================\nROUTER=LTE,INTERFACEIPV4=2,ADDRESSIPV4=1                10.207.231.89/28  1             10.207.231.89/28 \nROUTER=VR_OAM,INTERFACEIPV4=1,ADDRESSIPV4=1             10.207.230.89/28  1             10.207.230.89/28 \nROUTER=VR_TRAFFIC3G,INTERFACEIPV4=TRAFFIC,ADDRESSIPV4=1 10.188.128.171/27 1             10.188.128.171/27\n=================================================================================================================\nTOTAL: 3 MOS\n\nADDED 3 MOS TO GROUP: HGET_GROUP', 'K0005');
INSERT INTO `tracking` (`id_tracking`, `id_ticket`, `tanggal`, `status`, `deskripsi`, `id_user`) VALUES
(77, 'T201903230003', '2019-03-23 13:34:56', 'Up Progress To 80 %', 'HERE IT IS, ATTACHED LOG AFTER INSTALLATION : \n\n============================================================================\nLICENSESTATE:       EMERGENCY_UNLOCK\nFINGERPRINT:        G2_3473045G_CO\nINSTALLATIONTIME:   2018-06-05 13:38:57\nSEQUENCENUMBER:     1000\nAUTONOMOUSMODE:     INACTIVE\nEMERGENCYUNLOCK:    ACTIVATED\nINTEGRATIONUNLOCK:  INACTIVE\n----------------------------------------------------------------------------\n\n=====================================================================================================================================\nFEATURENAME                     FEATUREKEY    FAJ           LICENSESTATE  FEATURESTATE     SERVICESTATE    VALIDFROM   VALIDUNTIL  DESCRIPTION\n=====================================================================================================================================\nETHERNETSWITCHINGADM:LINKAGG    CXC4040002    FAJ1211395    1 (ENABLED)   0 (DEACTIVATED)  0 (INOPERABLE)  2018-06-04              ETHERNET LINK AGGREGATION. RESTRICTED. R1 GA: RESTRICTED\nETHERNETSWITCHINGADM:L2GP       CXC4040003    FAJ1211466    1 (ENABLED)   0 (DEACTIVATED)  0 (INOPERABLE)  2018-06-04              LAYER 2 GATEWAY PORT (CPP)\nIPSEC                           CXC4040004    FAJ1210804    1 (ENABLED)   0 (DEACTIVATED)  0 (INOPERABLE)  2018-06-04              IPSEC\nTRAFFICMANAGEMENT               CXC4040005    FAJ1211823    1 (ENABLED)   0 (DEACTIVATED)  0 (INOPERABLE)  2018-06-04              EGRESS TRAFFIC SHAPING\nIPV6                            CXC4040006    FAJ1210858    1 (ENABLED)   0 (DEACTIVATED)  0 (INOPERABLE)  2018-06-04              IPV6\nSYNCHRONIZATION:PTPFREQ         CXC4040007    FAJ1212021    1 (ENABLED)   0 (DEACTIVATED)  0 (INOPERABLE)  2018-06-04              PTP SLAVE FOR FREQUENCY SYNCHRONIZATION\nSYNCHRONIZATION:PTPTIME         CXC4040008    FAJ1212022    1 (ENABLED)   0 (DEACTIVATED)  0 (INOPERABLE)  2018-06-04              PTP SLAVE FOR TIME AND PHASE SYNCHRONIZATION\nIPPM                            CXC4040009    FAJ1211791    1 (ENABLED)   0 (DEACTIVATED)  0 (INOPERABLE)  2018-06-04              TWO-WAY ACTIVE MEASUREMENT PROTOCOL RESPONDER\nREALTIMESECLOG                  CXC4040010    FAJ1213027    1 (ENABLED)   0 (DEACTIVATED)  0 (INOPERABLE)                          REAL-TIME SECURITY EVENT LOGGING (CPP). RESTRICTED. R2 GA: RESTRICTED\nSYNCHRONIZATION:SYNCETH         CXC4040011    FAJ1213024    1 (ENABLED)   1 (ACTIVATED)    1 (OPERABLE)    2018-06-04              SYNCHRONOUS ETHERNET\nIPLICENSING:IPFLOWMONITORING    CXC4040013    FAJ1214161    1 (ENABLED)   0 (DEACTIVATED)  0 (INOPERABLE)  2018-06-04              IP FLOW MONITORING (CPP). RESTRICTED. R2 GA: N/A\nIPLICENSING:ETHERNETOAMSERVICE  CXC4040014    FAJ1214253    1 (ENABLED)   0 (DEACTIVATED)  0 (INOPERABLE)  2018-06-04              ETHERNET OAM SERVICE\n16QAM                           CXC4020002    FAJ121903     1 (ENABLED)   0 (DEACTIVATED)  0 (INOPERABLE)  2018-06-04              HSDPA16QAM\n4WAYRXDIVERSITY                 CXC4020018    FAJ1211351    1 (ENABLED)   0 (DEACTIVATED)  0 (INOPERABLE)                          4-WAY RECEIVER DIVERSITY\n64QAM                           CXC4020014    FAJ1211331    1 (ENABLED)   1 (ACTIVATED)    1 (OPERABLE)    2018-06-04              SUPPORT FOR 64 QAM\nASGHBASEDPRESCHEDULING          CXC4012200    FAJ1214797    1 (ENABLED)   0 (DEACTIVATED)  0 (INOPERABLE)                          ASGH-BASED PRESCHEDULING\nASGHPERFPKG                     CXC4012199    FAJ1214796    1 (ENABLED)   0 (DEACTIVATED)  0 (INOPERABLE)                          ASGH PERFORMANCE PACKAGE\nADAPTIVERLCPOLLRETRANSMISSION   CXC4012018    FAJ1214570    1 (ENABLED)   0 (DEACTIVATED)  0 (INOPERABLE)  2018-06-04              ADAPTIVE RLC POLL-RETRANSMISSION\nADDITIONALCEEXTFOREUL           CXC4020103    FAJ1214613    1 (ENABLED)   0 (DEACTIVATED)  0 (INOPERABLE)  2018-06-04              ADDITIONAL CE EXTENSION FOR EUL\nADMISSIONTRIGGEREDOFFLOAD       CXC4011814    FAJ1213100    1 (ENABLED)   0 (DEACTIVATED)  0 (INOPERABLE)  2018-06-04              ADMISSION TRIGGERED OFFLOAD\nADVCELLSUP                      CXC4010320    FAJ1210781    1 (ENABLED)   0 (DEACTIVATED)  0 (INOPERABLE)  2018-06-04              ADVCELLSUP\nADVANCEDDIFFFORRESOURCEFAIRSCH  CXC4011967    FAJ1214415    1 (ENABLED)   0 (DEACTIVATED)  0 (INOPERABLE)  2018-06-04              ADVANCED DIFFERENTIATION FOR RESOURCE FAIR SCHEDULING\nADVANCEDSUBSCRIBERGROUPHANDLIN  CXC4012180    FAJ1214767    1 (ENABLED)   0 (DEACTIVATED)  0 (INOPERABLE)                          ADVANCED SUBSCRIBER GROUP HANDLING\nAIRIFLOADGENERATOR              CXC4010955    FAJ1210855    1 (ENABLED)   0 (DEACTIVATED)  0 (INOPERABLE)  2018-06-04              AIR INTERFACE LOAD GENERATOR\nANR                             CXC4010620    FAJ1210497    1 (ENABLED)   1 (ACTIVATED)    1 (OPERABLE)    2018-06-04              ANR\nANTSYSTEMMONITORING             CXC4011422    FAJ1213040    1 (ENABLED)   0 (DEACTIVATED)  0 (INOPERABLE)  2018-06-04              ANTENNA SYSTEM MONITORING\nARPAWARESCHEDULING              CXC4012053    FAJ1214637    1 (ENABLED)   0 (DEACTIVATED)  0 (INOPERABLE)                          ARP-AWARE SCHEDULING\nAUTOCELLCAPESTFUNCTION          CXC4011373    FAJ1213031    1 (ENABLED)   0 (DEACTIVATED)  0 (INOPERABLE)  2018-06-04              AUTOMATED CELL CAPACITY ESTIMATION\nAUTORACHRSALLOC                 CXC4011246    FAJ1212026    1 (ENABLED)   0 (DEACTIVATED)  0 (INOPERABLE)  2018-06-04              AUTOMATED RACH ROOT SEQUENCE ALLOCATION\nAUTOCONFLTEBROADCASTSFS         CXC4012012    FAJ1214556    1 (ENABLED)   0 (DEACTIVATED)  0 (INOPERABLE)                          AUTOCONFIGURATION OF LTE BROADCAST SUBFRAMES\nAUTOMATEDMOBILITYOPTIMIZATION   CXC4011376    FAJ1213035    1 (ENABLED)   1 (ACTIVATED)    1 (OPERABLE)    2018-06-04              AUTOMATED MOBILITY OPTIMIZATION\nBNRINTRALTELM                   CXC4011370    FAJ1213028    1 (ENABLED)   0 (DEACTIVATED)  0 (INOPERABLE)  2018-06-04              BEST NEIGHBOR RELATIONS FOR INTRA-LTE LOAD MANAGEMENT\nBNRIRATOFFLOAD                  CXC4010512    FAJ1213065    1 (ENABLED)   0 (DEACTIVATED)  0 (INOPERABLE)  2018-06-04              BEST NEIGHBOR RELATIONS FOR WCDMA IRAT OFFLOAD\nCARRIERAGGREGATION              CXC4011476    FAJ1213046    1 (ENABLED)   0 (DEACTIVATED)  0 (INOPERABLE)  2018-06-04              CARRIERAGGREGATION\nCARRIERAGGREGATIONAWAREIFLB     CXC4011666    FAJ1213075    1 (ENABLED)   0 (DEACTIVATED)  0 (INOPERABLE)  2018-06-04              CARRIER AGGREGATION-AWARE IFLB. RESTRICTED. R3 GA: RESTRICTED\nCARRIERAGGREGATIONFDDTDD        CXC4011922    FAJ1214252    1 (ENABLED)   0 (DEACTIVATED)  0 (INOPERABLE)  2018-06-04              CARRIER AGGREGATION FDD-TDD\nCATEGORYMACCESS                 CXC4012082    P/FAJ8011000/12  1 (ENABLED)   0 (DEACTIVATED)  0 (INOPERABLE)                          CATEGORY M ACCESS\nCATEGORYMBASICVOLTE             CXC4012163    FAJ1214766    1 (ENABLED)   0 (DEACTIVATED)  0 (INOPERABLE)                          CATEGORY M BASIC VOLTE\nCDMA2000SESSIONCONTINUITY       CXC4010614    FAJ1210491    1 (ENABLED)   0 (DEACTIVATED)  0 (INOPERABLE)  2018-06-04              CDMA2000 SESSION CONTINUITY COVERAGE-TRIGGERED\nCECAPEUL                        CXC4021014    FAJ1211883    1 (ENABLED)   1 (ACTIVATED)    1 (OPERABLE)    2018-06-04              CHANNEL ELEMENT CAPACITY FOR EUL SMARTPHONES\nCEEFFICIENCYEUL                 CXC4020075    FAJ1213214    1 (ENABLED)   1 (ACTIVATED)    1 (OPERABLE)    2018-06-04              CHANNEL ELEMENT EFFICIENCY FOR EUL\nCEEXTFOREUL                     CXC4020069    FAJ1212598    1 (ENABLED)   1 (ACTIVATED)    1 (OPERABLE)    2018-06-04              CE EXTENSION FOR EUL\nCELLSLEEPMODE                   CXC4011958    FAJ1214390    1 (ENABLED)   0 (DEACTIVATED)  0 (INOPERABLE)  2018-06-04              CELL SLEEP MODE. RESTRICTED.  GA: RESTRICTED\nCELLSOFTLOCK                    CXC4011378    FAJ1211817    1 (ENABLED)   0 (DEACTIVATED)  0 (INOPERABLE)  2018-06-04              SERVICE CELL SOFT LOCK\nCOMBINEDCELL                    CXC4011368    FAJ1213025    1 (ENABLED)   0 (DEACTIVATED)  0 (INOPERABLE)  2018-06-04              COMBINED CELL\nCOMBINEDCELL                    CXC4020076    FAJ1213249    1 (ENABLED)   0 (DEACTIVATED)  0 (INOPERABLE)  2018-06-04              COMBINED CELL\nCONFIGURABLECARRIERBANDWIDTH    CXC4020022    FAJ1211357    1 (ENABLED)   0 (DEACTIVATED)  0 (INOPERABLE)  2018-06-04              CONFIGURABLE CARRIER BANDWITH\nCONFIGURABLESCELLPRIO           CXC4012097    FAJ1214701    1 (ENABLED)   0 (DEACTIVATED)  0 (INOPERABLE)  2018-06-04              CONFIGURABLE SCELL PRIORITY\nCOVERAGEADAPTEDLM               CXC4011698    FAJ1213077    1 (ENABLED)   0 (DEACTIVATED)  0 (INOPERABLE)  2018-06-04              COVERAGE-ADAPTED LOAD MANAGEMENT\nCOVERAGEFORLOWCOMPLEXITYUE      CXC4012043    FAJ1214626    1 (ENABLED)   0 (DEACTIVATED)  0 (INOPERABLE)                          COVERAGE FOR LOW-COMPLEXITY UE. RESTRICTED. R1 GA: RESTRICTED\nCOVERAGEFORREDUCEDCAPUE         CXC4012013    FAJ1214559    1 (ENABLED)   0 (DEACTIVATED)  0 (INOPERABLE)                          COVERAGE FOR REDUCED CAPABILITY UE\nCPC                             CXC4020026    FAJ1211389    1 (ENABLED)   1 (ACTIVATED)    1 (OPERABLE)    2018-06-04              CPC\nCPRICOMPRESSION                 CXC4012051    FAJ1214632    1 (ENABLED)   0 (DEACTIVATED)  0 (INOPERABLE)                          CPRI COMPRESSION\nCPRICOMPRESSIONWITHBASEBANDR    CXC4012052    FAJ1214633    1 (ENABLED)   0 (DEACTIVATED)  0 (INOPERABLE)                          CPRI COMPRESSION WITH BASEBAND R\nCQIPUSCHSINRPOWERINTRACE        CXC4011910    FAJ1214207    1 (ENABLED)   0 (DEACTIVATED)  0 (INOPERABLE)  2018-06-04              CQI AND PUSCH SINR AND RECEIVED POWER IN TRACES\nCROSSDUCARRIERAGGREGATION       CXC4011700    FAJ1213080    1 (ENABLED)   0 (DEACTIVATED)  0 (INOPERABLE)                          CROSS-DU CARRIER AGGREGATION SUPPORT. RESTRICTED. R2 GA: N/A\nCSASR                           CXC4020068    FAJ1212576    1 (ENABLED)   0 (DEACTIVATED)  0 (INOPERABLE)  2018-06-04              CROSS-SECTOR ANTENNA SHARING REDUNDANCY (CSASR)\nCSFBFORLIMITEDDUALRADIOUE       CXC4010949    FAJ1210845    1 (ENABLED)   0 (DEACTIVATED)  0 (INOPERABLE)  2018-06-04              CS FALLBACK FOR DUAL-RADIO UES\nCSFBTO1XRTT                     CXC4011377    FAJ1213036    1 (ENABLED)   0 (DEACTIVATED)  0 (INOPERABLE)  2018-06-04              CS FALLBACK TO CDMA 1X\nCSFBTOGERANUTRAN                CXC4010956    FAJ1210856    1 (ENABLED)   1 (ACTIVATED)    1 (OPERABLE)    2018-06-04              CS FALLBACK TO GERAN AND UTRAN\nDATAAWAREUPLINKSCHEDULING       CXC4012129    FAJ1214757    1 (ENABLED)   0 (DEACTIVATED)  0 (INOPERABLE)                          MBB PERFORMANCE IMPROVEMENTS\nDBSANDSABE                      CXC4011064    FAJ1211789    1 (ENABLED)   0 (DEACTIVATED)  0 (INOPERABLE)  2018-06-04              DELAY-BASED SCHEDULING AND GRANT ESTIMATION\nDCHEULBALANCING                 CXC4020054    FAJ1211584    1 (ENABLED)   0 (DEACTIVATED)  0 (INOPERABLE)  2018-06-04              EUL DCH LOAD BALANCING\nDIFFERULPOWERCONTROL            CXC4012089    FAJ1214680    1 (ENABLED)   0 (DEACTIVATED)  0 (INOPERABLE)                          DIFFERENTIAL UPLINK POWER CONTROL\nDIFFERENTIATEDADMISSIONCONTROL  CXC4011062    FAJ1211787    1 (ENABLED)   0 (DEACTIVATED)  0 (INOPERABLE)  2018-06-04              DIFFERENTIATED ADMISSION CONTROL\nDIFFERENTIATEDUEHANDLING        CXC4011951    FAJ1214368    1 (ENABLED)   0 (DEACTIVATED)  0 (INOPERABLE)  2018-06-04              DIFFERENTIATED UE HANDLING\nDL256QAM                        CXC4011969    FAJ1214422    1 (ENABLED)   1 (ACTIVATED)    1 (OPERABLE)    2018-06-04              256-QAM DOWNLINK\nDLCOMP                          CXC4011913    FAJ1214223    1 (ENABLED)   0 (DEACTIVATED)  0 (INOPERABLE)  2018-06-04              DOWNLINK COORDINATED MULTI-POINT\nDLFSS                           CXC4011255    FAJ1212053    1 (ENABLED)   1 (ACTIVATED)    1 (OPERABLE)    2018-06-04              DOWNLINK FREQUENCY-SELECTIVE SCHEDULING\nDLPOWERCONTROLEUL               CXC4020020    FAJ1211345    1 (ENABLED)   0 (DEACTIVATED)  0 (INOPERABLE)  2018-06-04              DOWNLINK POWER CONTROL FOR EUL\nDRX                             CXC4010912    FAJ1210801    1 (ENABLED)   1 (ACTIVATED)    1 (OPERABLE)    2018-06-04              EFFICIENT DRX/DTX FOR CONNECTED UE\nDUALANTDLPERFPKG                CXC4010609    FAJ1210486    1 (ENABLED)   1 (ACTIVATED)    1 (OPERABLE)    2018-06-04              DUAL-ANTENNA DOWNLINK PERFORMANCE PACKAGE\nDUALLAYBEAMFPERFPKG             CXC4011262    FAJ2213000    1 (ENABLED)   1 (ACTIVATED)    1 (OPERABLE)    2018-06-04              DUAL LAYER BEAMFORMING PERFORMANCE PACKAGE\nDUALSTACKIUB                    CXC4030037    FAJ1211311    1 (ENABLED)   0 (DEACTIVATED)  0 (INOPERABLE)  2018-06-04              ATM & IP DUAL STACK SUPPORT IN RBS\nDUALTMASUPPORT                  CXC4020035    FAJ1211488    1 (ENABLED)   0 (DEACTIVATED)  0 (INOPERABLE)  2018-06-04              DUAL TMA SUPPORT\nDYNAMICGBRADMCTRL               CXC4011060    FAJ1211748    1 (ENABLED)   1 (ACTIVATED)    1 (OPERABLE)    2018-06-04              DYNAMIC GBR ADMISSION CONTROL\nDYNAMICLOADCONTROL              CXC4011713    FAJ1213083    1 (ENABLED)   0 (DEACTIVATED)  0 (INOPERABLE)  2018-06-04              DYNAMIC LOAD CONTROL\nDYNAMICPUCCH                    CXC4011955    FAJ1214377    1 (ENABLED)   0 (DEACTIVATED)  0 (INOPERABLE)                          DYNAMIC PUCCH\nDYNAMICQOSMODIFICATION          CXC4011061    FAJ1211749    1 (ENABLED)   1 (ACTIVATED)    1 (OPERABLE)    2018-06-04              DYNAMIC QOS MODIFICATION\nDYNAMICRABACKOFF                CXC4011937    FAJ1214299    1 (ENABLED)   1 (ACTIVATED)    1 (OPERABLE)    2018-06-04              DYNAMIC RANDOM ACCESS BACKOFF\nDYNAMICSCELLSELECTION           CXC4011559    FAJ1213063    1 (ENABLED)   0 (DEACTIVATED)  0 (INOPERABLE)  2018-06-04              DYNAMIC SCELL SELECTION FOR CARRIER AGGREGATION\nDYNAMICUEADMCTRL                CXC4011940    FAJ1214301    1 (ENABLED)   0 (DEACTIVATED)  0 (INOPERABLE)  2018-06-04              DYNAMIC UE ADMISSION CONTROL\nECSCSFB                         CXC4011034    FAJ1210921    1 (ENABLED)   0 (DEACTIVATED)  0 (INOPERABLE)  2018-06-04              EMERGENCY CALL HANDLING FOR CS FALLBACK\nENHCELLIDINTRACES               CXC4011245    FAJ1212025    1 (ENABLED)   1 (ACTIVATED)    1 (OPERABLE)    2018-06-04              ENHANCED CELL ID IN TRACES\nENHCSFBTO1XRTT                  CXC4011513    FAJ1213056    1 (ENABLED)   0 (DEACTIVATED)  0 (INOPERABLE)  2018-06-04              ENHANCED CS FALLBACK TO CDMA 1X\nENHUEDRX                        CXC4020055    FAJ1211592    1 (ENABLED)   0 (DEACTIVATED)  0 (INOPERABLE)  2018-06-04              BATTERY EFFICIENCY FOR HIGH-SPEED FACH\nENHANCEDLAYER2                  CXC4020013    FAJ1211328    1 (ENABLED)   1 (ACTIVATED)    1 (OPERABLE)    2018-06-04              ENHANCED LAYER2\nENHANCEDPDCCHLA                 CXC4011482    FAJ1213051    1 (ENABLED)   0 (DEACTIVATED)  0 (INOPERABLE)  2018-06-04              ENHANCED PDCCH LINK ADAPTATION. RESTRICTED. R3 GA: N/A\nENHANCEDUPLINKINTRODUCTION      CXC4020005    FAJ1211023    1 (ENABLED)   1 (ACTIVATED)    1 (OPERABLE)    2018-06-04              ENHANCED UPLINK INTRODUCTION PACKAGE\nERICSSONLEANCARRIER             CXC4011984    FAJ1214471    1 (ENABLED)   0 (DEACTIVATED)  0 (INOPERABLE)  2018-06-04              ERICSSON LEAN CARRIER. RESTRICTED.  GA: RESTRICTED\nEUL2MSTTI                       CXC4020011    FAJ1211317    1 (ENABLED)   1 (ACTIVATED)    1 (OPERABLE)    2018-06-04              ENHANCED UPLINK, 2MS TTI\nEULADAPTIVEBLER                 CXC4020104    FAJ1214630    1 (ENABLED)   0 (DEACTIVATED)  0 (INOPERABLE)                          EUL ADAPTIVE BLER\nEULFACH                         CXC4020064    FAJ1211652    1 (ENABLED)   0 (DEACTIVATED)  0 (INOPERABLE)  2018-06-04              ENHANCED UPLINK FOR FACH\nEULFORLARGERBSCONFIG            CXC4020042    FAJ1211518    1 (ENABLED)   0 (DEACTIVATED)  0 (INOPERABLE)  2018-06-04              EUL FOR LARGE RBS CONFIGURATIONS\nEULLOWLATENCYPRESCHED           CXC4020086    FAJ1213941    1 (ENABLED)   1 (ACTIVATED)    1 (OPERABLE)    2018-06-04              LOW LATENCY PRE-SCHEDULING FOR EUL\nEULMC                           CXC4020037    FAJ1211491    1 (ENABLED)   0 (DEACTIVATED)  0 (INOPERABLE)                          EUL MULTI-CARRIER\nEULTDSCHEDULING                 CXC4020039    FAJ1211503    1 (ENABLED)   0 (DEACTIVATED)  0 (INOPERABLE)  2018-06-04              TIME DIVISION SCHEDULING FOR EUL\nFDPCHSRBONHSDPA                 CXC4020025    FAJ1211481    1 (ENABLED)   1 (ACTIVATED)    1 (OPERABLE)    2018-06-04              FRACTIONAL DPCH AND SRB ON HS\nFDDTDDSAMEENODEB                CXC4011930    FAJ1214274    1 (ENABLED)   0 (DEACTIVATED)  0 (INOPERABLE)  2018-06-04              FDD AND TDD ON SAME ENODEB\nFEICICX2ASSISTANCE              CXC4011712    FAJ1213082    1 (ENABLED)   0 (DEACTIVATED)  0 (INOPERABLE)                          FEICIC WITH X2 ASSISTANCE\nFIVEDLCARRIERAGGREGATION        CXC4011981    FAJ1214467    1 (ENABLED)   0 (DEACTIVATED)  0 (INOPERABLE)                          5CC DL CARRIER AGGREGATION EXTENSION\nFLEXIBLEQOS                     CXC4012050    FAJ1214628    1 (ENABLED)   0 (DEACTIVATED)  0 (INOPERABLE)                          FLEXIBLE QOS\nFOURDLCARRIERAGGREGATION        CXC4011980    FAJ1214466    1 (ENABLED)   0 (DEACTIVATED)  0 (INOPERABLE)                          4CC DL CARRIER AGGREGATION EXTENSION\nGRAKE                           CXC4020016    FAJ1211333    1 (ENABLED)   0 (DEACTIVATED)  0 (INOPERABLE)  2018-06-04              ADVANCED RECEIVERS, GENERALISED RAKE. RESTRICTED. GA: N/A\nGSMSESSIONCONTINUITY            CXC4010618    FAJ1210495    1 (ENABLED)   1 (ACTIVATED)    1 (OPERABLE)    2018-06-04              GERAN SESSION CONTINUITY COVERAGE-TRIGGERED\nHIGHPOWERUE                     CXC4012157    FAJ1214762    1 (ENABLED)   0 (DEACTIVATED)  0 (INOPERABLE)                          HIGH POWER UE\nHIGHSPEEDUE                     CXC4011256    FAJ1212054    1 (ENABLED)   0 (DEACTIVATED)  0 (INOPERABLE)                          HIGH SPEED UE\nHOOSCCTRLUE                     CXC4011157    FAJ1211885    1 (ENABLED)   1 (ACTIVATED)    1 (OPERABLE)    2018-06-04              HOOSCCTRLUE\nHSADAPTIVEBLER                  CXC4020098    FAJ1214397    1 (ENABLED)   0 (DEACTIVATED)  0 (INOPERABLE)  2018-06-04              HSDPA ADAPTIVE BLER\nHSAQMCONGCTRL                   CXC4020058    FAJ1211664    1 (ENABLED)   0 (DEACTIVATED)  0 (INOPERABLE)  2018-06-04              AQM BASED CONGESTION CONTROL FOR HSDPA\nHSFACH                          CXC4020043    FAJ1211537    1 (ENABLED)   0 (DEACTIVATED)  0 (INOPERABLE)  2018-06-04              HIGH-SPEED DOWNLINK FOR FACH\nHSOLPC                          CXC4020074    FAJ1212883    1 (ENABLED)   0 (DEACTIVATED)  0 (INOPERABLE)  2018-06-04              SMARTPHONE RETAINABILITY FOR HETEROGENEOUS NETWORKS. RESTRICTED. GA: N/A\nHSDPA3MC                        CXC4020082    FAJ1213909    1 (ENABLED)   0 (DEACTIVATED)  0 (INOPERABLE)                          HSDPA MULTI-CARRIER 3 CARRIERS\nHSDPADB3MC                      CXC4020083    FAJ1213920    1 (ENABLED)   0 (DEACTIVATED)  0 (INOPERABLE)                          DUAL-BAND HSDPA MULTI-CARRIER 3 CARRIERS. RESTRICTED. GA: N/A\nHSDPADBMC                       CXC4020036    FAJ1211490    1 (ENABLED)   0 (DEACTIVATED)  0 (INOPERABLE)  2018-06-04              DUAL-BAND HSDPA MULTI-CARRIER\nHSDPADYNAMICCODEALLOCATION      CXC4020001    FAJ121967     1 (ENABLED)   1 (ACTIVATED)    1 (OPERABLE)    2018-06-04              HSDPA DYNAMIC CODE ALLOCATION\nHSDPAFLEXIBLESCHEDULER          CXC4020003    FAJ121968     1 (ENABLED)   1 (ACTIVATED)    1 (OPERABLE)    2018-06-04              HSDPA FLEXIBLE SCHEDULER\nHSDPAIMPROVEDLINKADAPTATION     CXC4020023    FAJ1211358    1 (ENABLED)   0 (DEACTIVATED)  0 (INOPERABLE)  2018-06-04              IMPROVED HSDPA LINK ADAPTATION\nHSDPAINCREMENTALREDUNDANCY      CXC4020008    FAJ1211058    1 (ENABLED)   1 (ACTIVATED)    1 (OPERABLE)    2018-06-04              HSDPA INCREMENTAL REDUNDANCY\nHSDPAMC                         CXC4020029    FAJ1211441    1 (ENABLED)   1 (ACTIVATED)    1 (OPERABLE)    2018-06-04              MULTI CARRIER\nHSDPAMCINACTCTRL                CXC4020032    FAJ1211445    1 (ENABLED)   1 (ACTIVATED)    1 (OPERABLE)    2018-06-04              MULTI CARRIER INACTIVITY CONTROL\nHSDPAMCINTERDUSCHED             CXC4020072    FAJ1212709    1 (ENABLED)   0 (DEACTIVATED)  0 (INOPERABLE)  2018-06-04              HSDPA MC INTER DU JOINT SCHEDULING\nHSDPAMINBITRATE                 CXC4020028    FAJ1211439    1 (ENABLED)   0 (DEACTIVATED)  0 (INOPERABLE)  2018-06-04              MINIMUM BIT RATE HSDPA SCHEDULING\nHSDPAMIXEDMODEPOWERSHARING      CXC4020102    FAJ1214609    1 (ENABLED)   0 (DEACTIVATED)  0 (INOPERABLE)  2018-06-04              HSDPA MIXED MODE DYNAMIC POWER SHARING\nHSDPAPOWERSHARING               CXC4020079    FAJ1213698    1 (ENABLED)   1 (ACTIVATED)    1 (OPERABLE)    2018-06-04              HSDPA DYNAMIC POWER SHARING\nHSDPARBRQOSPROFILING            CXC4020053    FAJ1211515    1 (ENABLED)   0 (DEACTIVATED)  0 (INOPERABLE)  2018-06-04              HSDPA RBR QOS PROFILING\nIFLBACTIVATIONTHRESHOLD         CXC4011554    FAJ1213058    1 (ENABLED)   0 (DEACTIVATED)  0 (INOPERABLE)  2018-06-04              IFLB ACTIVATION THRESHOLD\nIDLEMODEEXTENDEDDRX             CXC4012079    FAJ1214655    1 (ENABLED)   0 (DEACTIVATED)  0 (INOPERABLE)                          IDLE MODE EXTENDED DRX\nIMPROVEDLAYER2                  CXC4020041    FAJ1211516    1 (ENABLED)   0 (DEACTIVATED)  0 (INOPERABLE)  2018-06-04              IMPROVED LAYER 2\nINACTTRIGPUCCHRELATHIGHLOAD     CXC4011941    FAJ1214302    1 (ENABLED)   1 (ACTIVATED)    1 (OPERABLE)    2018-06-04              INACTIVITY-TRIGGERED PUCCH RELEASE AT HIGH LOAD\nINCRNUMHSCODES                  CXC4020040    FAJ1211513    1 (ENABLED)   0 (DEACTIVATED)  0 (INOPERABLE)  2018-06-04              INCREASED HSDPA CODE CAPACITY ON HS-TX\nINCREASEDCELLCARRIERSUPPORT     CXC4020084    FAJ1213928    1 (ENABLED)   0 (DEACTIVATED)  0 (INOPERABLE)  2018-06-04              INCEASED CELL CARRIER SUPPORT FOR DUW. RESTRICTED. GA: N/A\nINCREASEDHSCODECAP              CXC4020073    FAJ1212870    1 (ENABLED)   0 (DEACTIVATED)  0 (INOPERABLE)  2018-06-04              TRAFFIC-AWARE DYNAMIC HSDPA CODE ALLOCATION\nINTSUPPALLBEARERS               CXC4020065    FAJ1212370    1 (ENABLED)   1 (ACTIVATED)    1 (OPERABLE)    2018-06-04              INTERFERENCE SUPPRESSION FOR ALL BEARERS\nINTSUPPEUL10MS                  CXC4020070    FAJ1212671    1 (ENABLED)   1 (ACTIVATED)    1 (OPERABLE)    2018-06-04              INTERFERENCE SUPPRESSION FOR EUL 10 MS\nINTERENBCARRIERAGGREGATION      CXC4011983    FAJ1214469    1 (ENABLED)   0 (DEACTIVATED)  0 (INOPERABLE)  2018-06-04              INTER-ENODEB CARRIER AGGREGATION\nINTERENBUPLINKCOMP              CXC4012102    FAJ1214714    1 (ENABLED)   0 (DEACTIVATED)  0 (INOPERABLE)                          INTER ENODEB UPLINK COORDINATED MULTI-POINT RECEPTION\nINTERFREQSESSIONCONTINUITY      CXC4010770    FAJ1210797    1 (ENABLED)   0 (DEACTIVATED)  0 (INOPERABLE)  2018-06-04              INTER-FREQUENCY SESSION CONTINUITY COVERAGE-TRIGGERED\nINTERFREQUENCYLOADBALANCING     CXC4011319    FAJ1213009    1 (ENABLED)   0 (DEACTIVATED)  0 (INOPERABLE)  2018-06-04              INTER-FREQUENCY LOAD BALANCING\nINTERFREQUENCYLTEHANDOVER       CXC4010974    FAJ1210877    1 (ENABLED)   1 (ACTIVATED)    1 (OPERABLE)    2018-06-04              COVERAGE-TRIGGERED INTER-FREQUENCY HANDOVER\nINTERFREQUENCYOTDOA             CXC4011804    FAJ1213090    1 (ENABLED)   0 (DEACTIVATED)  0 (INOPERABLE)                          INTER-FREQUENCY OTDOA\nINTERFREQUENCYOFFLOAD           CXC4011557    FAJ1213061    1 (ENABLED)   0 (DEACTIVATED)  0 (INOPERABLE)                          INTER-FREQUENCY OFFLOAD\nINTERRATOFFLOADTOUTRAN          CXC4011478    FAJ1213048    1 (ENABLED)   0 (DEACTIVATED)  0 (INOPERABLE)  2018-06-04              INTERRATOFFLOADTOUTRAN\nINTERFERENCESUPPRESSION         CXC4020061    FAJ1211714    1 (ENABLED)   1 (ACTIVATED)    1 (OPERABLE)    2018-06-04              INTERFERENCE SUPPRESSION\nINTERNAL1                       CXC4011613    FAJ1213069    1 (ENABLED)   0 (DEACTIVATED)  0 (INOPERABLE)                          INTERNAL 1\nINTERNAL3                       CXC4012096    FAJ1214700    1 (ENABLED)   0 (DEACTIVATED)  0 (INOPERABLE)                          INTERNAL 3\nINTERNAL5                       CXC4012201    FAJ1214798    1 (ENABLED)   0 (DEACTIVATED)  0 (INOPERABLE)                          INTERNAL 5\nINTERNALMCE                     CXC4011555    FAJ1213059    1 (ENABLED)   0 (DEACTIVATED)  0 (INOPERABLE)                          INTERNAL MCE\nINTRALTEINTERMODEHANDOVER       CXC4011443    FAJ1213042    1 (ENABLED)   0 (DEACTIVATED)  0 (INOPERABLE)  2018-06-04              INTRA-LTE INTER-MODE HANDOVER\nINTRALTEHODATAFWD               CXC4010613    FAJ1210490    1 (ENABLED)   1 (ACTIVATED)    1 (OPERABLE)    2018-06-04              DATA FORWARDING AT INTRA-LTE HANDOVER\nIRC                             CXC4010319    FAJ1210780    1 (ENABLED)   0 (DEACTIVATED)  0 (INOPERABLE)  2018-06-04              INTERFERENCE  REJECTION COMBINING\nLTEBROADCAST                    CXC4011365    FAJ1213021    1 (ENABLED)   0 (DEACTIVATED)  0 (INOPERABLE)                          LTE BROADCAST\nLIMITEDUPLINKAWAREIFLB          CXC4011966    FAJ1214406    1 (ENABLED)   0 (DEACTIVATED)  0 (INOPERABLE)  2018-06-04              LIMITED UPLINK AWARE IFLB\nLOADBASEDACCESSBARRING          CXC4011807    FAJ1213093    1 (ENABLED)   0 (DEACTIVATED)  0 (INOPERABLE)  2018-06-04              LOAD-BASED ACCESS BARRING\nLOADBASEDDISTRIBUTIONATRELEASE  CXC4011944    FAJ1214338    1 (ENABLED)   0 (DEACTIVATED)  0 (INOPERABLE)                          LOAD-BASED DISTRIBUTION AT RELEASE\nLOWENERGYSCHEDULERSOLUTION      CXC4012101    FAJ1214708    1 (ENABLED)   0 (DEACTIVATED)  0 (INOPERABLE)                          LOW ENERGY SCHEDULER SOLUTION\nLPPABASEDOTDOASUPPORT           CXC4011481    FAJ1213050    1 (ENABLED)   0 (DEACTIVATED)  0 (INOPERABLE)                          LPPA-BASED OTDOA SUPPORT\nLPPAECID                        CXC4011372    FAJ1213030    1 (ENABLED)   0 (DEACTIVATED)  0 (INOPERABLE)                          LPPA-BASED E-CID SUPPORT\nLSMECS                          CXC4011055    FAJ1211743    1 (ENABLED)   0 (DEACTIVATED)  0 (INOPERABLE)  2018-06-04              LIMITED SERVICE MODE EMERGENCY CALL SUPPORT\nMIMOSLEEPMODE                   CXC4011808    FAJ1213094    1 (ENABLED)   0 (DEACTIVATED)  0 (INOPERABLE)  2018-06-04              MIMO SLEEP MODE\nMAXIMUMCELLRANGE                CXC4010967    FAJ1210869    1 (ENABLED)   0 (DEACTIVATED)  0 (INOPERABLE)                          MAXIMUM CELL RANGE\nMBMSMULTICARRIER                CXC4011558    FAJ1213062    1 (ENABLED)   0 (DEACTIVATED)  0 (INOPERABLE)                          MBMS MULTI-CARRIER SUPPORT\nMEASBASEDCSFBTARGETSELECTION    CXC4011664    FAJ1213073    1 (ENABLED)   0 (DEACTIVATED)  0 (INOPERABLE)  2018-06-04              MEASUREMENT-BASED CSFB TARGET SELECTION\nMEASBASEDSCELLSELECTION         CXC4011812    FAJ1213098    1 (ENABLED)   0 (DEACTIVATED)  0 (INOPERABLE)                          MEASBASEDSCELLSELECTION\nMICROSLEEPTX                    CXC4011803    FAJ1213089    1 (ENABLED)   0 (DEACTIVATED)  0 (INOPERABLE)  2018-06-04              MICRO SLEEP TX\nMINIMIZATIONOFDRIVETESTS        CXC4011999    FAJ1214518    1 (ENABLED)   0 (DEACTIVATED)  0 (INOPERABLE)  2018-06-04              MINIMIZATIONOFDRIVETESTS\nMIXEDMODE                       CXC4020051    FAJ1211553    1 (ENABLED)   1 (ACTIVATED)    1 (OPERABLE)    2018-06-04              MIXED MODE RADIO WCDMA\nMIXEDMODEBASEBANDLTE            CXC4012015    FAJ1214565    1 (ENABLED)   1 (ACTIVATED)    1 (OPERABLE)    2018-06-04              MIXED MODE BASEBAND LTE\nMIXEDMODEBASEBANDWCDMA          CXC4012016    FAJ1214566    1 (ENABLED)   1 (ACTIVATED)    1 (OPERABLE)    2018-06-04              MIXED MODE BASEBAND WCDMA\nMIXEDMODERADIOLTE               CXC4011018    FAJ1210906    1 (ENABLED)   1 (ACTIVATED)    1 (OPERABLE)    2018-06-04              MIXED MODE RADIO LTE\nMMEOVERLOADCONTROL              CXC4011811    FAJ1213097    1 (ENABLED)   0 (DEACTIVATED)  0 (INOPERABLE)                          MME OVERLOAD CONTROL\nMOBCTRLATPOORCOV                CXC4011345    FAJ1213013    1 (ENABLED)   1 (ACTIVATED)    1 (OPERABLE)    2018-06-04              MOBILITY CONTROL AT POOR COVERAGE\nMOBILITYTOCSGCELL               CXC4012014    FAJ1214560    1 (ENABLED)   0 (DEACTIVATED)  0 (INOPERABLE)                          MOBILITY TO CSG CELL\nMULTICLUSTEREDPUSCH             CXC4011982    FAJ1214468    1 (ENABLED)   0 (DEACTIVATED)  0 (INOPERABLE)                          MULTI CLUSTERED PUSCH\nMULTIERABSPERUSER               CXC4010723    FAJ1210549    1 (ENABLED)   1 (ACTIVATED)    1 (OPERABLE)    2018-06-04              MULTIPLE RADIO BEARERS PER USER\nMULTIFREQBAND                   CXC4011485    FAJ1213054    1 (ENABLED)   1 (ACTIVATED)    1 (OPERABLE)    2018-06-04              MULTIPLE FREQUENCY BAND INDICATORS\nMULTILAYERSERVTRIMOBILITY       CXC4011815    FAJ1214124    1 (ENABLED)   0 (DEACTIVATED)  0 (INOPERABLE)  2018-06-04              MULTI-LAYER SERVICE-TRIGGERED MOBILITY\nMULTISECTORPERRADIO             CXC4011802    FAJ1213088    1 (ENABLED)   1 (ACTIVATED)    1 (OPERABLE)    2018-06-04              MULTI-SECTOR PER RADIO\nMULTISECTORPERRADIO             CXC4020090    FAJ1214160    1 (ENABLED)   0 (DEACTIVATED)  0 (INOPERABLE)  2018-06-04              MULTI-SECTOR PER RADIO\nMULTITARGETRRCCONNREEST         CXC4011366    FAJ1213023    1 (ENABLED)   1 (ACTIVATED)    1 (OPERABLE)    2018-06-04              MULTI-TARGET RRC CONNECTION RE-ESTABLISHMENT. RESTRICTED.  GA: RESTRICTED\nNS05ADDITIONALMAXPWRREDUCTSUP   CXC4012119    FAJ1214745    1 (ENABLED)   0 (DEACTIVATED)  0 (INOPERABLE)                          NS 05 ADDITIONAL MAXIMUM POWER REDUCTION SUPPORT\nNARROWBANDIOTACCESS             CXC4012081    P/FAJ8011000/12  1 (ENABLED)   0 (DEACTIVATED)  0 (INOPERABLE)                          NARROWBAND IOT ACCESS\nNBIR                            CXC4020081    FAJ1213908    1 (ENABLED)   1 (ACTIVATED)    1 (OPERABLE)    2018-06-04              NARROWBAND INTERFERENCE REJECTION\nNETWORKASSISTEDCRSIC            CXC4012002    FAJ1214519    1 (ENABLED)   0 (DEACTIVATED)  0 (INOPERABLE)  2018-06-04              NETWORK-ASSISTED CRS INTERFERENCE CANCELLATION\nNONPLANNEDPCIRANGE              CXC4011810    FAJ1213096    1 (ENABLED)   0 (DEACTIVATED)  0 (INOPERABLE)                          NON-PLANNED PCI RANGE\nOCTANTULPERFPKG                 CXC4011254    FAJ2212052    1 (ENABLED)   0 (DEACTIVATED)  0 (INOPERABLE)                          OCTAL ANTENNA UPLINK PERFORMANCE PACKAGE\nOPERATORDEFINEDQCI              CXC4011163    FAJ1211892    1 (ENABLED)   1 (ACTIVATED)    1 (OPERABLE)    2018-06-04              OPERATOR DEFINED QCI\nOTDOAPRSMANAGEMENT              CXC4011716    FAJ1213086    1 (ENABLED)   0 (DEACTIVATED)  0 (INOPERABLE)                          PRS MANAGEMENT OTDOA\nOTDOASUPL                       CXC4010962    FAJ1210862    1 (ENABLED)   0 (DEACTIVATED)  0 (INOPERABLE)                          OTDOA SUPPORT IN SUPL ENVIRONMENT\nOVERLAIDCELLDETECTION           CXC4011699    FAJ1213078    1 (ENABLED)   0 (DEACTIVATED)  0 (INOPERABLE)  2018-06-04              OVERLAID CELL DETECTION\nPHICHGROUPSPREADING             CXC4011813    FAJ1213099    1 (ENABLED)   0 (DEACTIVATED)  0 (INOPERABLE)  2018-06-04              PHICH GROUP SPREADING\nPCI                             CXC4011183    FAJ1211898    1 (ENABLED)   1 (ACTIVATED)    1 (OPERABLE)    2018-06-04              PCI\nPDCCHPOWERBOOST                 CXC4011515    FAJ1213057    1 (ENABLED)   0 (DEACTIVATED)  0 (INOPERABLE)  2018-06-04              PDCCH POWER BOOST\nPERHARQPROCESSGRANT             CXC4020030    FAJ1211443    1 (ENABLED)   1 (ACTIVATED)    1 (OPERABLE)    2018-06-04              EUL SINGLE HARQ PROCESS SCHEDULING\nPFS                             CXC4011033    FAJ1210920    1 (ENABLED)   1 (ACTIVATED)    1 (OPERABLE)    2018-06-04              MINIMUM RATE PROPORTIONAL FAIR SCHEDULER\nPMINITIATEDUEMEASUREMENTS       CXC4010717    FAJ1210667    1 (ENABLED)   1 (ACTIVATED)    1 (OPERABLE)    2018-06-04              PMINITIATEDUEMEASUREMENTS\nPRESCHEDULING                   CXC4011715    FAJ1213085    1 (ENABLED)   0 (DEACTIVATED)  0 (INOPERABLE)  2018-06-04              PRESCHEDULING IN UL\nPRIOOFVOLTEINACCESSBARRING      CXC4011942    FAJ1214329    1 (ENABLED)   0 (DEACTIVATED)  0 (INOPERABLE)  2018-06-04              PRIORITIZATION OF VOLTE IN ACCESS BARRING\nPRIORITIZEDSRSCHEDULING         CXC4011938    FAJ1214300    1 (ENABLED)   0 (DEACTIVATED)  0 (INOPERABLE)  2018-06-04              PRIORITIZED SR SCHEDULING\nPRIORITYPAGING                  CXC4011711    FAJ1213081    1 (ENABLED)   0 (DEACTIVATED)  0 (INOPERABLE)  2018-06-04              PRIORITY PAGING\nPROGRESSIVEACCESSBARRING        CXC4012120    FAJ1214746    1 (ENABLED)   0 (DEACTIVATED)  0 (INOPERABLE)                          PROGRESSIVE ACCESS BARRING. RESTRICTED.  GA: RESTRICTED\nPSHOBASEDCSFBTOUTRAN            CXC4011663    FAJ1213072    1 (ENABLED)   0 (DEACTIVATED)  0 (INOPERABLE)  2018-06-04              PSHO-BASED CS FALLBACK TO UTRAN\nPSICOVERAGE                     CXC4011842    FAJ1214186    1 (ENABLED)   0 (DEACTIVATED)  0 (INOPERABLE)  2018-06-04              PSI-COVERAGE. RESTRICTED. R2 GA: RESTRICTED\nPUCCHOVERDIMENSIONING           CXC4010980    FAJ1210883    1 (ENABLED)   0 (DEACTIVATED)  0 (INOPERABLE)                          PUCCH OVERDIMENSIONING\nPWS                             CXC4011252    FAJ1212050    1 (ENABLED)   0 (DEACTIVATED)  0 (INOPERABLE)  2018-06-04              PUBLIC WARNING SYSTEM\nQOSAWARESCHEDULER               CXC4010959    FAJ1210859    1 (ENABLED)   1 (ACTIVATED)    1 (OPERABLE)    2018-06-04              QOS-AWARE SCHEDULER\nQUADANTDLPERFPKG                CXC4011427    FAJ1213041    1 (ENABLED)   0 (DEACTIVATED)  0 (INOPERABLE)  2018-06-04              4X2 QUAD ANTENNA DOWNLINK\nQUADANTDLPERFPKG4X4             CXC4011667    FAJ1213076    1 (ENABLED)   0 (DEACTIVATED)  0 (INOPERABLE)  2018-06-04              4X4 QUAD ANTENNA DOWNLINK\nQUADANTULPERFPKG                CXC4011056    FAJ1211744    1 (ENABLED)   0 (DEACTIVATED)  0 (INOPERABLE)  2018-06-04              QUAD ANTENNA UPLINK PERFORMANCE PACKAGE\nRANGRANDMASTER                  CXC4011710    FAJ1214249    1 (ENABLED)   0 (DEACTIVATED)  0 (INOPERABLE)  2018-06-04              RAN GRAND MASTER\nRATESHAPING                     CXC4011057    FAJ1211745    1 (ENABLED)   0 (DEACTIVATED)  0 (INOPERABLE)  2018-06-04              END-USER BITRATE SHAPING\nRBSEVENTSTREAMER                CXC4010856    FAJ1210760    1 (ENABLED)   0 (DEACTIVATED)  0 (INOPERABLE)  2018-06-04              RBSEVENTSTREAMER\nRBSMPLOADSHARING                CXC4020063    FAJ1212119    1 (ENABLED)   0 (DEACTIVATED)  0 (INOPERABLE)  2018-06-04              RBS MP LOAD SHARING\nREDIRECTWITHNACC                CXC4010973    FAJ1210876    1 (ENABLED)   1 (ACTIVATED)    1 (OPERABLE)    2018-06-04              REDIRECT WITH SYSTEM INFORMATION\nRELINACTIVEUEATHIGHLOADHO       CXC4011939    FAJ1214296    1 (ENABLED)   0 (DEACTIVATED)  0 (INOPERABLE)  2018-06-04              RELEASE INACTIVE UE AT HIGH LOAD HANDOVER\nRESOURCEPARTITIONING            CXC4012019    FAJ1214571    1 (ENABLED)   0 (DEACTIVATED)  0 (INOPERABLE)                          RESOURCE PARTITIONING. RESTRICTED. R1 GA: RESTRICTED\nRESTRICTEDDRIVETEST             CXC4012162    FAJ1214769    1 (ENABLED)   0 (DEACTIVATED)  0 (INOPERABLE)                          RESTRICTED DRIVE TEST\nRETCASCADING                    CXC4020031    FAJ1211462    1 (ENABLED)   0 (DEACTIVATED)  0 (INOPERABLE)  2018-06-04              CASCADING OF AISG RET ANTENNA\nRLCUM                           CXC4010961    FAJ1210861    1 (ENABLED)   0 (DEACTIVATED)  0 (INOPERABLE)  2018-06-04              RLC IN UNACKNOWLEDGED MODE\nROHC                            CXC4010990    FAJ1210892    1 (ENABLED)   0 (DEACTIVATED)  0 (INOPERABLE)  2018-06-04              ROBUST HEADER COMPRESSION\nRPS                             CXC4011251    FAJ1212037    1 (ENABLED)   0 (DEACTIVATED)  0 (INOPERABLE)  2018-06-04              RELATIVE PRIORITY SCHEDULING\nRTTPOSITIONING                  CXC4020010    FAJ121436     1 (ENABLED)   0 (DEACTIVATED)  0 (INOPERABLE)  2018-06-04              RTT POSITIONING\nS1HODATAFWD                     CXC4011075    FAJ1211800    1 (ENABLED)   1 (ACTIVATED)    1 (OPERABLE)    2018-06-04              PACKET FORWARDING AT S1 HANDOVER\nS1OVERSATELLITE                 CXC4011968    FAJ1214421    1 (ENABLED)   0 (DEACTIVATED)  0 (INOPERABLE)                          S1 OVER SATELLITE\nSRVCCTOCDMA1X                   CXC4011665    FAJ1213074    1 (ENABLED)   0 (DEACTIVATED)  0 (INOPERABLE)                          SRVCC HANDOVER TO CDMA 1X\nSRVCCTOGERAN                    CXC4011346    FAJ1213014    1 (ENABLED)   0 (DEACTIVATED)  0 (INOPERABLE)  2018-06-04              SRVCC HANDOVER TO GERAN\nSUPPLEMENTARYDLONLYCELL         CXC4011567    FAJ1213068    1 (ENABLED)   0 (DEACTIVATED)  0 (INOPERABLE)  2018-06-04              SUPPLEMENTARY DL ONLY CELL\nSERVORPRIOTRIGGEREDIFHO         CXC4011736    FAJ1213087    1 (ENABLED)   0 (DEACTIVATED)  0 (INOPERABLE)  2018-06-04              SERVICE OR PRIORITY-TRIGGERED INTER-FREQUENCY HANDOVER\nSERVICESPECIFICDRX              CXC4011327    FAJ1213011    1 (ENABLED)   0 (DEACTIVATED)  0 (INOPERABLE)  2018-06-04              SERVICE SPECIFIC DRX\nSERVICESPECIFICHARQ             CXC4012070    FAJ1214645    1 (ENABLED)   0 (DEACTIVATED)  0 (INOPERABLE)                          SERVICE-SPECIFIC HARQ. RESTRICTED.  GA: RESTRICTED\nSERVICESPECIFICINACTIVITYTIMER  CXC4011918    FAJ1214246    1 (ENABLED)   0 (DEACTIVATED)  0 (INOPERABLE)  2018-06-04              SERVICE SPECIFIC INACTIVITY TIMER\nSERVICESPECIFICLOADMGMT         CXC4011477    FAJ1213047    1 (ENABLED)   0 (DEACTIVATED)  0 (INOPERABLE)  2018-06-04              SERVICE SPECIFIC LOAD MANAGEMENT\nSERVICETRIGGEREDMOBILITY        CXC4011059    FAJ1211747    1 (ENABLED)   0 (DEACTIVATED)  0 (INOPERABLE)  2018-06-04              SERVICE TRIGGERED MOBILITY\nSGWRELOCATIONATX2HANDOVER       CXC4011479    FAJ1211819    1 (ENABLED)   0 (DEACTIVATED)  0 (INOPERABLE)  2018-06-04              S-GW RELOCATION AT X2 HANDOVER\nSHAREDNETWORKSUPPORT            CXC4010960    FAJ1210860    1 (ENABLED)   0 (DEACTIVATED)  0 (INOPERABLE)                          SHARED LTE RAN\nSINGLAYBEAMFPERFPKG             CXC4011264    FAJ2213002    1 (ENABLED)   1 (ACTIVATED)    1 (OPERABLE)    2018-06-04              SINGLE LAYER BEAMFORMING PERFORMANCE PACKAGE\nSPIDHOWHITELIST                 CXC4011155    FAJ1211788    1 (ENABLED)   0 (DEACTIVATED)  0 (INOPERABLE)  2018-06-04              SUBSCRIBER TRIGGERED MOBILITY\nSPIDRATFREQPRIO                 CXC4011063    FAJ1211788    1 (ENABLED)   0 (DEACTIVATED)  0 (INOPERABLE)  2018-06-04              SUBSCRIBER TRIGGERED MOBILITY\nSRVCCTOUTRAN                    CXC4011247    FAJ1212027    1 (ENABLED)   0 (DEACTIVATED)  0 (INOPERABLE)  2018-06-04              SRVCC HANDOVER TO UTRAN\nSTANDARDIZEDRET                 CXC4010071/4006  FAJ1211173    1 (ENABLED)   0 (DEACTIVATED)  0 (INOPERABLE)  2018-06-04              SUPPORT FOR AISG RET ANTENNA\nSTANDARDIZEDTMA                 CXC4010071/4005  FAJ1211242    1 (ENABLED)   0 (DEACTIVATED)  0 (INOPERABLE)  2018-06-04              SUPPORT FOR AISG AND CWA TMAS\nSUPPORT12CELLS                  CXC4011356    FAJ1213020    1 (ENABLED)   0 (DEACTIVATED)  0 (INOPERABLE)  2018-06-04              7-12 CELL SUPPORT\nSUPPORT18CELLS                  CXC4011917    FAJ1214242    1 (ENABLED)   0 (DEACTIVATED)  0 (INOPERABLE)  2018-06-04              SUPPORT FOR 13-18 CELLS IN SINGLE ENODEB\nSUPPORT24CELLS                  CXC4011974    FAJ1214426    1 (ENABLED)   0 (DEACTIVATED)  0 (INOPERABLE)                          19-24 CELL SUPPORT. RESTRICTED. R1 GA: RESTRICTED\nSUPPORT6CELLS                   CXC4011317    FAJ1211821    1 (ENABLED)   1 (ACTIVATED)    1 (OPERABLE)    2018-06-04              6 CELL SUPPORT\nTM9OCTANTDLPERFPKG              CXC4011840    FAJ1214180    1 (ENABLED)   0 (DEACTIVATED)  0 (INOPERABLE)                          TM9 8X2 OCTAL ANTENNA DOWNLINK PERFORMANCE PACKAGE. RESTRICTED. R2 GA: N/A\nTWAMPINITIATOR                  CXC4040016    FAJ1214557    1 (ENABLED)   0 (DEACTIVATED)  0 (INOPERABLE)  2018-06-04              TWO-WAY ACTIVE MEASUREMENT PROTOCOL INITIATOR\nTCPOPTIMIZATION                 CXC4011050    FAJ1211713    1 (ENABLED)   1 (ACTIVATED)    1 (OPERABLE)    2018-06-04              TCP OPTIMIZATION\nTDSCDMASESSIONCONTINUITY        CXC4011266    FAJ2213004    1 (ENABLED)   0 (DEACTIVATED)  0 (INOPERABLE)  2018-06-04              COVERAGE TRIGGERED TD-SCDMA SESSION CONTINUITY\nTESTOFOPTIONALPMEVENTPARAMS     CXC4011932    FAJ1214276    1 (ENABLED)   0 (DEACTIVATED)  0 (INOPERABLE)                          TEST OF FRAMEWORK FOR OPTIONAL PM EVENT PARAMETERS\nTESTOFOPTIONALPMEVENTS          CXC4011931    FAJ1214275    1 (ENABLED)   0 (DEACTIVATED)  0 (INOPERABLE)                          TEST OF FRAMEWORK FOR OPTIONAL PM EVENTS\nTHREEDLCARRIERAGGREGATION       CXC4011714    FAJ1213084    1 (ENABLED)   0 (DEACTIVATED)  0 (INOPERABLE)  2018-06-04              THREEDLCARRIERAGGREGATION\nTIMEINFOSIB16                   CXC4011618    FAJ1213070    1 (ENABLED)   0 (DEACTIVATED)  0 (INOPERABLE)  2018-06-04              SIB16 TIME INFORMATION BROADCAST\nTM7MODESWITCHING                CXC4011326    FAJ2213010    1 (ENABLED)   0 (DEACTIVATED)  0 (INOPERABLE)  2018-06-04              TM7 MODE SWITCHING\nTM8MODESWITCHING                CXC4011996    FAJ1214508    1 (ENABLED)   0 (DEACTIVATED)  0 (INOPERABLE)  2018-06-04              TM8 MODE SWITCHING. RESTRICTED. R2 GA: N/A\nTRANSPORTPATHCHARMONITORING     CXC4012022    FAJ1214575    1 (ENABLED)   0 (DEACTIVATED)  0 (INOPERABLE)                          TRANSPORT PATH CHARACTERISTICS MONITORING. RESTRICTED. R1 GA: N/A\nTTIBUNDLING                     CXC4011253    FAJ1212051    1 (ENABLED)   0 (DEACTIVATED)  0 (INOPERABLE)  2018-06-04              TTI BUNDLING\nTXDATACLONING                   CXC4011242    FAJ1211897    1 (ENABLED)   0 (DEACTIVATED)  0 (INOPERABLE)                          TRANSMIT DATA CLONING. RESTRICTED.  GA: N/A\nUEASSISTEDADAPTIVEDRX           CXC4011975    FAJ1214429    1 (ENABLED)   0 (DEACTIVATED)  0 (INOPERABLE)  2018-06-04              UE-ASSISTED ADAPTIVE DRX\nUEASSISTEDSIGNALINGREDUCTION    CXC4011991    FAJ1214476    1 (ENABLED)   0 (DEACTIVATED)  0 (INOPERABLE)  2018-06-04              UE-ASSISTED SIGNALING REDUCTION\nUELOCATIONATRELEASE             CXC4011933    FAJ1214290    1 (ENABLED)   0 (DEACTIVATED)  0 (INOPERABLE)  2018-06-04              UE LOCATION AT RELEASE\nUEPOSCELLID                     CXC4010841    FAJ1210735    1 (ENABLED)   0 (DEACTIVATED)  0 (INOPERABLE)  2018-06-04              CELL ID BASED LOCATION SUPPORT\nUETHROUGHPUTAWAREIFLB           CXC4011911    FAJ1214219    1 (ENABLED)   0 (DEACTIVATED)  0 (INOPERABLE)  2018-06-04              UE THROUGHPUT-AWARE IFLB\nUETPBASEDMOBILITYTOWIFI         CXC4010511    FAJ1213064    1 (ENABLED)   0 (DEACTIVATED)  0 (INOPERABLE)                          UE THROUGHPUT -BASED MOBILITY TO WIFI. RESTRICTED. R1 GA: RESTRICTED\nUL64QAM                         CXC4011946    FAJ1214363    1 (ENABLED)   0 (DEACTIVATED)  0 (INOPERABLE)  2018-06-04              64-QAM UPLINK\nULCOMPRECEPTION                 CXC4020091    FAJ1214187    1 (ENABLED)   1 (ACTIVATED)    1 (OPERABLE)    2018-06-04              UPLINK COORDINATED MULTI-POINT RECEPTION\nULCOMP                          CXC4011444    FAJ1213043    1 (ENABLED)   0 (DEACTIVATED)  0 (INOPERABLE)  2018-06-04              UPLINK COORDINATED MULTI-POINT RECEPTION\nULDYNAMICRESOURCEALLOCATION     CXC4012036    FAJ1214619    1 (ENABLED)   0 (DEACTIVATED)  0 (INOPERABLE)                          DYNAMIC UPLINK RESOURCE ALLOCATION\nULFCC                           CXC4020066    FAJ1212444    1 (ENABLED)   1 (ACTIVATED)    1 (OPERABLE)    2018-06-04              UPLINK FAST CONGESTION CONTROL\nULFSS                           CXC4011074    FAJ1211799    1 (ENABLED)   1 (ACTIVATED)    1 (OPERABLE)    2018-06-04              UPLINK FREQUENCY-SELECTIVE SCHEDULING\nULINTERFERENCEREPORTING         CXC4011820    FAJ1214157    1 (ENABLED)   0 (DEACTIVATED)  0 (INOPERABLE)  2018-06-04              UPLINK INTERFERENCE REPORTING\nULSCHEDCONTLFOROOCUES           CXC4012003    FAJ1214524    1 (ENABLED)   0 (DEACTIVATED)  0 (INOPERABLE)  2018-06-04              UPLINK SCHEDULING CONTROL FOR OUT-OF-COVERAGE UES\nULSPECTRUMANALYZER              CXC4011929    FAJ1214271    1 (ENABLED)   0 (DEACTIVATED)  0 (INOPERABLE)                          UL SPECTRUM ANALYSIS TOOL. RESTRICTED.  GA: RESTRICTED\nULTRIGINTERFREQMOB              CXC4011072    FAJ1211797    1 (ENABLED)   0 (DEACTIVATED)  0 (INOPERABLE)  2018-06-04              UPLINK-TRIGGERED INTER-FREQUENCY MOBILITY\nUPPTSINTERFERENCEREPORTING      CXC4012023    FAJ1214576    1 (ENABLED)   0 (DEACTIVATED)  0 (INOPERABLE)  2018-06-04              UPPTS INTERFERENCE REPORTING. RESTRICTED. R1 GA: N/A\nUPLINKCARRIERAGGREGATION        CXC4011973    FAJ1214425    1 (ENABLED)   0 (DEACTIVATED)  0 (INOPERABLE)  2018-06-04              UPLINK CARRIER AGGREGATION\nUPLINKMULTIUSERMIMO             CXC4011943    FAJ1214330    1 (ENABLED)   0 (DEACTIVATED)  0 (INOPERABLE)                          UPLINK MULTIUSER MIMO. RESTRICTED. R2 GA: N/A\nVARSRCQIPERIODICITY             CXC4011258    FAJ1212056    1 (ENABLED)   1 (ACTIVATED)    1 (OPERABLE)    2018-06-04              VARIABLE SR AND CQI PERIODICITY\nVIRTUALPACKETPROCESSING         CXC4012182    FAJ1214774    1 (ENABLED)   0 (DEACTIVATED)  0 (INOPERABLE)                          VIRTUAL PACKET PROCESSING\nVIRTUALROUTERS                  CXC4011823    FAJ1214257    1 (ENABLED)   1 (ACTIVATED)    1 (OPERABLE)    2018-06-04              VIRTUAL ROUTERS\nVIRTUALSECTORS                  CXC4012110    FAJ1214730    1 (ENABLED)   0 (DEACTIVATED)  0 (INOPERABLE)                          VIRTUAL SECTORS\nVOLTEFREQUENCYHOPPING           CXC4011914    FAJ1214224    1 (ENABLED)   0 (DEACTIVATED)  0 (INOPERABLE)  2018-06-04              VOLTE FREQUENCY HOPPING. RESTRICTED. R1 GA: RESTRICTED\nWCDMAHANDOVER                   CXC4011011    FAJ1210897    1 (ENABLED)   1 (ACTIVATED)    1 (OPERABLE)    2018-06-04              WCDMA IRAT HANDOVER COVERAGE TRIGGERED\nWCDMASESSIONCONTINUITY          CXC4010616    FAJ1210493    1 (ENABLED)   1 (ACTIVATED)    1 (OPERABLE)    2018-06-04              WCDMA SESSION CONTINUITY COVERAGE-TRIGGERED\n                                CXC4010619    FAJ1210496    1 (ENABLED)   0 (DEACTIVATED)  0 (INOPERABLE)  2018-06-04              CLOCK SOURCE OVER NTP\n                                CXC4010621    FAJ1210498    1 (ENABLED)   0 (DEACTIVATED)  0 (INOPERABLE)  2018-06-04              SUPPORT FOR 3GPP COMPATIBLE TMA\n                                CXC4010622    FAJ1212175    1 (ENABLED)   0 (DEACTIVATED)  0 (INOPERABLE)  2018-06-04              SUPPORT FOR 3GPP COMPATIBLE RET ANTENNAS\n                                CXC4010798    FAJ1210705    1 (ENABLED)   0 (DEACTIVATED)  0 (INOPERABLE)  2018-06-04              SUPPORT FOR CASCADING OF 3GPP COMPATIBLE RET ANTENNAS\n                                CXC4010799    FAJ1210706    1 (ENABLED)   0 (DEACTIVATED)  0 (INOPERABLE)  2018-06-04              VSWR\n                                CXC4010830    FAJ1210736    1 (ENABLED)   0 (DEACTIVATED)  0 (INOPERABLE)  2018-06-04              CONFIGURATION MANAGEMENT OF 3GPP IUANT AND AISGV2.0 COMPATIBLE ALDS\n                                CXC4011036    FAJ1210925    1 (ENABLED)   0 (DEACTIVATED)  0 (INOPERABLE)  2018-06-04              FIRMWARE DOWNLOAD OF ANTENNA LINE DEVICES\n                                CXC4011065    FAJ1211789    1 (ENABLED)   0 (DEACTIVATED)  0 (INOPERABLE)  2018-06-04              DELAY-BASED SCHEDULING AND GRANT ESTIMATION\n                                CXC4011077    FAJ1211040    1 (ENABLED)   0 (DEACTIVATED)  0 (INOPERABLE)  2018-06-04              CROSS-SECTOR ANTENNA SHARING REDUNDANCY. RESTRICTED.  GA: RESTRICTED\n                                CXC4011156    FAJ1211820    1 (ENABLED)   0 (DEACTIVATED)  0 (INOPERABLE)  2018-06-04              CASCADABLE RADIO UNITS\n                                CXC4011649    FAJ1214727    1 (ENABLED)   0 (DEACTIVATED)  0 (INOPERABLE)                          OSPFV2\n                                CXC4011707    FAJ1214255    1 (ENABLED)   0 (DEACTIVATED)  0 (INOPERABLE)  2018-06-04              BIDIRECTIONAL FORWARDING DETECTION\n                                CXC4011809    FAJ1213095    1 (ENABLED)   0 (DEACTIVATED)  0 (INOPERABLE)  2018-06-04              MULTICABINET CONTROL\n                                CXC4011817    FAJ1214142    1 (ENABLED)   0 (DEACTIVATED)  0 (INOPERABLE)  2018-06-04              CMPV2\n                                CXC4011838    FAK1010070    1 (ENABLED)   0 (DEACTIVATED)  0 (INOPERABLE)                          10GE PORT CAPABILITY\n                                CXC4011915    FAK1010071    1 (ENABLED)   0 (DEACTIVATED)  0 (INOPERABLE)                          MULTIPLE ETHERNET PORTS\n                                CXC4012020    FAJ1214573    1 (ENABLED)   0 (DEACTIVATED)  0 (INOPERABLE)                          SUPPLEMENTAL DOWNLINK WITH LICENSE ASSISTED ACCESS. RESTRICTED.  GA: RESTRICTED\n                                CXC4012034    FAJ1214608    1 (ENABLED)   0 (DEACTIVATED)  0 (INOPERABLE)                          ELASTIC RAN\n                                CXC4012095    FAJ1214697    1 (ENABLED)   0 (DEACTIVATED)  0 (INOPERABLE)                          MULTIPLE IP ADDRESSES FOR S1 AND X2. RESTRICTED. R1 GA: RESTRICTED\n                                CXC4012104    FAJ1214728    1 (ENABLED)   0 (DEACTIVATED)  0 (INOPERABLE)                          ASSISTED TIME HOLDOVER. RESTRICTED.  GA: RESTRICTED\n                                CXC4012131    FAJ1214759    1 (ENABLED)   0 (DEACTIVATED)  0 (INOPERABLE)                          PACKET CAPTURE\n                                CXC4012188    FAJ1214785    1 (ENABLED)   0 (DEACTIVATED)  0 (INOPERABLE)                          HIDDEN PARAMETER ACCESS\n                                CXC4012213    FAJ1214835    1 (ENABLED)   0 (DEACTIVATED)  0 (INOPERABLE)                          VIRTUAL CATEGORY M ACCESS\n                                CXC4020006    FAJ1211030    1 (ENABLED)   0 (DEACTIVATED)  0 (INOPERABLE)                          EXTENDED RANGE UP TO 80 KM\n                                CXC4020007    FAJ1211036    1 (ENABLED)   0 (DEACTIVATED)  0 (INOPERABLE)                          EXTENDED RANGE UP TO 200 KM\n                                CXC4020059    FAJ1211673    1 (ENABLED)   0 (DEACTIVATED)  0 (INOPERABLE)  2018-06-04              CHANNEL ELEMENT CAPACITY FOR HSDPA SMARTPHONES\n                                CXC4020107    FAJ1214722    1 (ENABLED)   0 (DEACTIVATED)  0 (INOPERABLE)                          WCDMA ADVANCED CELL SUPERVISION. RESTRICTED. GA: W18.Q1\n                                CXC4020109    FAJ1214792    1 (ENABLED)   0 (DEACTIVATED)  0 (INOPERABLE)                          COMBINED CELL FOR INDOOR DEPLOYMENT\n                                CXC4040015    FAJ1214511    1 (ENABLED)   0 (DEACTIVATED)  0 (INOPERABLE)                          POLICY BASED ROUTING\n                                CXC4040017                  1 (ENABLED)   0 (DEACTIVATED)  0 (INOPERABLE)                          TWO-WAY ACTIVE MEASUREMENT PROTOCOL STANDALONE INITIATOR\n                                CXC4040018    FAJ1214755    1 (ENABLED)   0 (DEACTIVATED)  0 (INOPERABLE)                          IEEE 1588 BOUNDARY CLOCK\n-------------------------------------------------------------------------------------------------------------------------------------', 'K0005');
INSERT INTO `tracking` (`id_tracking`, `id_ticket`, `tanggal`, `status`, `deskripsi`, `id_user`) VALUES
(78, 'T201903230003', '2019-03-23 13:35:04', 'Up Progress To 100 %', '', 'K0005'),
(79, 'T201903230004', '2019-03-23 13:38:35', 'Created Ticket', '', 'K0004'),
(80, 'T201903230004', '2019-03-23 13:38:48', 'Ticket disetujui', '', 'K0004'),
(81, 'T201903230004', '2019-03-23 13:38:56', 'Pemilihan Teknisi', 'TICKET DIBERIKAN KEPADA TEKNISI', 'K0004'),
(82, 'T201903230004', '2019-03-23 13:39:16', 'Diproses oleh teknisi', '', 'K0006'),
(83, 'T201903230004', '2019-03-23 13:39:42', 'Up Progress To 30 %', 'ON GOING INSTALLATION LKF KEY', 'K0006');

-- --------------------------------------------------------

--
-- Table structure for table `user`
--

CREATE TABLE `user` (
  `id_user` int(11) NOT NULL,
  `username` varchar(5) NOT NULL,
  `password` varchar(32) NOT NULL,
  `level` varchar(10) NOT NULL
) ENGINE=InnoDB DEFAULT CHARSET=latin1;

--
-- Dumping data for table `user`
--

INSERT INTO `user` (`id_user`, `username`, `password`, `level`) VALUES
(7, 'K0002', '202cb962ac59075b964b07152d234b70', 'ADMIN'),
(8, 'K0003', '202cb962ac59075b964b07152d234b70', 'TEKNISI'),
(9, 'K0004', '202cb962ac59075b964b07152d234b70', 'ADMIN'),
(10, 'K0005', '202cb962ac59075b964b07152d234b70', 'TEKNISI'),
(11, 'K0006', '202cb962ac59075b964b07152d234b70', 'TEKNISI');

--
-- Indexes for dumped tables
--

--
-- Indexes for table `bagian_departemen`
--
ALTER TABLE `bagian_departemen`
  ADD PRIMARY KEY (`id_bagian_dept`);

--
-- Indexes for table `departemen`
--
ALTER TABLE `departemen`
  ADD PRIMARY KEY (`id_dept`);

--
-- Indexes for table `history_feedback`
--
ALTER TABLE `history_feedback`
  ADD PRIMARY KEY (`id_feedback`);

--
-- Indexes for table `informasi`
--
ALTER TABLE `informasi`
  ADD PRIMARY KEY (`id_informasi`);

--
-- Indexes for table `jabatan`
--
ALTER TABLE `jabatan`
  ADD PRIMARY KEY (`id_jabatan`);

--
-- Indexes for table `karyawan`
--
ALTER TABLE `karyawan`
  ADD PRIMARY KEY (`nik`);

--
-- Indexes for table `kategori`
--
ALTER TABLE `kategori`
  ADD PRIMARY KEY (`id_kategori`);

--
-- Indexes for table `kondisi`
--
ALTER TABLE `kondisi`
  ADD PRIMARY KEY (`id_kondisi`);

--
-- Indexes for table `sub_kategori`
--
ALTER TABLE `sub_kategori`
  ADD PRIMARY KEY (`id_sub_kategori`);

--
-- Indexes for table `teknisi`
--
ALTER TABLE `teknisi`
  ADD PRIMARY KEY (`id_teknisi`);

--
-- Indexes for table `ticket`
--
ALTER TABLE `ticket`
  ADD PRIMARY KEY (`id_ticket`);

--
-- Indexes for table `tracking`
--
ALTER TABLE `tracking`
  ADD PRIMARY KEY (`id_tracking`);

--
-- Indexes for table `user`
--
ALTER TABLE `user`
  ADD PRIMARY KEY (`id_user`);

--
-- AUTO_INCREMENT for dumped tables
--

--
-- AUTO_INCREMENT for table `bagian_departemen`
--
ALTER TABLE `bagian_departemen`
  MODIFY `id_bagian_dept` int(11) NOT NULL AUTO_INCREMENT, AUTO_INCREMENT=10;

--
-- AUTO_INCREMENT for table `departemen`
--
ALTER TABLE `departemen`
  MODIFY `id_dept` int(11) NOT NULL AUTO_INCREMENT, AUTO_INCREMENT=8;

--
-- AUTO_INCREMENT for table `history_feedback`
--
ALTER TABLE `history_feedback`
  MODIFY `id_feedback` int(11) NOT NULL AUTO_INCREMENT, AUTO_INCREMENT=15;

--
-- AUTO_INCREMENT for table `informasi`
--
ALTER TABLE `informasi`
  MODIFY `id_informasi` int(11) NOT NULL AUTO_INCREMENT;

--
-- AUTO_INCREMENT for table `jabatan`
--
ALTER TABLE `jabatan`
  MODIFY `id_jabatan` int(11) NOT NULL AUTO_INCREMENT, AUTO_INCREMENT=12;

--
-- AUTO_INCREMENT for table `kategori`
--
ALTER TABLE `kategori`
  MODIFY `id_kategori` int(11) NOT NULL AUTO_INCREMENT, AUTO_INCREMENT=12;

--
-- AUTO_INCREMENT for table `kondisi`
--
ALTER TABLE `kondisi`
  MODIFY `id_kondisi` int(11) NOT NULL AUTO_INCREMENT, AUTO_INCREMENT=4;

--
-- AUTO_INCREMENT for table `sub_kategori`
--
ALTER TABLE `sub_kategori`
  MODIFY `id_sub_kategori` int(11) NOT NULL AUTO_INCREMENT, AUTO_INCREMENT=11;

--
-- AUTO_INCREMENT for table `tracking`
--
ALTER TABLE `tracking`
  MODIFY `id_tracking` int(11) NOT NULL AUTO_INCREMENT, AUTO_INCREMENT=84;

--
-- AUTO_INCREMENT for table `user`
--
ALTER TABLE `user`
  MODIFY `id_user` int(11) NOT NULL AUTO_INCREMENT, AUTO_INCREMENT=12;
COMMIT;

/*!40101 SET CHARACTER_SET_CLIENT=@OLD_CHARACTER_SET_CLIENT */;
/*!40101 SET CHARACTER_SET_RESULTS=@OLD_CHARACTER_SET_RESULTS */;
/*!40101 SET COLLATION_CONNECTION=@OLD_COLLATION_CONNECTION */;
